FIPS,State,County,DIRSALES_FARMS12,PCT_LOCLFARM12,PCT_LOCLSALE12,DIRSALES12,PC_DIRSALES12,FMRKT18,FMRKTPTH18,FMRKT_SNAP18,PCT_FMRKT_SNAP18,FMRKT_WIC18,PCT_FMRKT_WIC18,FMRKT_WICCASH18,PCT_FMRKT_WICCASH18,FMRKT_SFMNP18,PCT_FMRKT_SFMNP18,FMRKT_CREDIT18,PCT_FMRKT_CREDIT18,FMRKT_FRVEG18,PCT_FMRKT_FRVEG18,FMRKT_ANMLPROD18,PCT_FMRKT_ANMLPROD18,FMRKT_BAKED18,PCT_FMRKT_BAKED18,FMRKT_OTHERFOOD18,PCT_FMRKT_OTHERFOOD18,VEG_FARMS12,VEG_ACRES12,VEG_ACRESPTH12,FRESHVEG_FARMS12,FRESHVEG_ACRES12,FRESHVEG_ACRESPTH12,ORCHARD_FARMS12,ORCHARD_ACRES12,ORCHARD_ACRESPTH12,BERRY_FARMS12,BERRY_ACRES12,BERRY_ACRESPTH12,SLHOUSE12,GHVEG_FARMS12,GHVEG_SQFT12,GHVEG_SQFTPTH12,FOODHUB18,CSA12,AGRITRSM_OPS12,AGRITRSM_RCT12,FARM_TO_SCHOOL15
37001,NC,Alamance,94,12.84153005,1.612511388,531,3.452041971,4,0.024033261,1,25,0,0,0,0,0,0,2,50,1,25,1,25,0,0,1,25,56,164,1.573247,53,162,1.053165347,27,86,0.559087777,23,22,0.143022455,1,7,29200,189.8298033,,12,8,16000,1
37003,NC,Alexander,42,6.965174129,0.360206746,676,18.28212895,1,0.026771611,0,0,0,0,0,0,0,0,1,100,1,100,1,100,1,100,1,100,11,226,6.761142363,11,,,29,288,7.788836002,12,12,0.324534833,0,5,8064,218.087408,,4,6,9000,1
37005,NC,Alleghany,17,2.998236332,0.451293341,164,15.00869406,1,0.089597709,0,0,0,0,0,0,0,0,1,100,1,100,1,100,1,100,1,100,24,1864,88.31335225,24,,,9,27,2.470943534,6,6,0.549098563,0,0,0,0,,3,5,14000,1
37007,NC,Anson,18,4.195804196,0.012895572,25,0.949811937,2,0.08039555,0,0,0,0,1,50,0,0,0,0,2,100,1,50,1,50,1,50,16,49,3.001405722,16,49,1.861631397,4,16,0.60787964,4,,,0,3,7200,273.5458379,,2,10,,1
37009,NC,Ashe,83,7.280701754,0.741556535,404,14.88193907,1,0.036888119,1,100,1,100,0,0,1,100,1,100,1,100,1,100,1,100,1,100,66,274,6.446384499,66,266,9.798504439,19,45,1.657641728,34,34,1.252440417,0,19,29833,1098.942793,,10,34,111000,0
37011,NC,Avery,40,8.281573499,2.22118851,382,21.68113968,1,0.057126537,0,0,0,0,0,0,0,0,0,0,0,0,0,0,0,0,0,0,27,119,4.597309722,27,,,4,31,1.759464215,10,22,1.248652023,0,0,0,0,,5,40,193000,1
37013,NC,Beaufort,23,6.318681319,0.04851854,59,1.241922243,1,0.021240894,0,0,0,0,0,0,0,0,0,0,0,0,0,0,0,0,0,0,12,141,9.619635001,12,141,2.967983666,14,80,1.683962363,5,5,0.105247648,1,0,0,0,,3,7,49000,1
37015,NC,Bertie,7,2.153846154,0.144337314,325,15.78512798,0,0,0,0,0,0,0,0,0,0,0,0,0,0,0,0,0,0,0,0,8,826,87.95959007,5,205,9.956773034,0,0,0,1,,,1,0,0,0,,1,1,,1
37017,NC,Bladen,38,7.723577236,0.195761948,604,17.30113718,0,0,0,0,0,0,0,0,0,0,0,0,0,0,0,0,0,0,0,0,30,691,4.754948297,28,,,52,553,15.84027957,42,3670,105.1244593,1,0,0,0,,7,12,293000,1
37019,NC,Brunswick,30,11.81102362,,,,2,0.014625871,0,0,0,0,0,0,0,0,2,100,2,100,2,100,2,100,2,100,22,1100,8.94392232,20,,,11,35,0.311790121,12,31,0.276156964,0,0,0,0,,2,3,,1
37021,NC,Buncombe,168,15.8490566,2.096925367,1141,4.671577077,17,0.065610975,4,23.52941132,0,0,0,0,1,5.882352829,10,58.82352829,10,58.82352829,10,58.82352829,10,58.82352829,10,58.82352829,114,730,2.927412454,112,702,2.874186773,31,152,0.622331039,55,43,0.176054176,0,12,28176,115.3605221,,30,21,,1
37023,NC,Burke,59,12.1399177,0.749311295,340,3.777987666,3,0.033192448,2,66.66666412,2,66.66666412,2,66.66666412,2,66.66666412,1,33.33333206,3,100,3,100,3,100,3,100,37,113,1.444524696,37,112,1.244513584,37,125,1.388966054,30,28,0.311128396,1,3,44003,488.9493861,,2,12,56000,0
37025,NC,Cabarrus,50,8.488964346,0.264976546,148,0.802563866,5,0.023658335,0,0,4,80,0,0,0,0,4,80,4,80,4,80,4,80,4,80,21,106,0.466354679,20,,,21,48,0.260290984,7,8,0.043381831,2,5,5632,30.54080875,1,9,19,515000,1
37027,NC,Caldwell,39,9.489051095,0.505788468,90,1.098646224,3,0.03657243,1,33.33333206,1,33.33333206,1,33.33333206,0,0,2,66.66666412,2,66.66666412,2,66.66666412,2,66.66666412,2,66.66666412,18,120,0.952160061,18,116,1.416032911,15,29,0.354008228,18,24,0.292972326,0,0,0,0,,0,5,,1
37029,NC,Camden,6,10,0.012266678,6,0.598086124,0,0,0,0,0,0,0,0,0,0,0,0,0,0,0,0,0,0,0,0,4,,313.0980861,3,,,0,0,0,1,,,0,0,0,0,,0,0,0,0
37031,NC,Carteret,29,23.2,1.431163762,418,6.171654683,2,0.028767044,0,0,0,0,0,0,0,0,1,50,1,50,1,50,1,50,1,50,23,690,8.8145403,23,,,8,10,0.147647241,6,17,0.25100031,0,4,48800,720.5185371,1,2,2,,0
37033,NC,Caswell,60,11.04972376,1.182723476,405,17.47799068,1,0.044056743,1,100,0,0,0,0,0,0,1,100,1,100,1,100,1,100,1,100,42,143,10.05523908,37,118,5.09235284,14,42,1.812532367,13,15,0.647332988,0,3,,,,9,17,77000,1
37035,NC,Catawba,41,5.873925501,0.123313722,83,0.537220306,7,0.044121727,1,14.28571415,3,42.8571434,0,0,3,42.8571434,5,71.42857361,7,100,7,100,6,85.7142868,7,100,19,294,0.957935003,19,294,1.902924938,14,51,0.330099224,17,23,0.148868277,2,1,,,,0,6,56000,1
37037,NC,Chatham,119,10.456942,0.387410087,635,9.654564252,4,0.054690383,0,0,0,0,0,0,0,0,2,50,2,50,2,50,2,50,2,50,65,131,4.226722618,64,121,1.839688621,42,61,0.92744633,27,42,0.638569604,1,7,29580,449.7354497,,15,35,167000,0
37039,NC,Cherokee,19,7.450980392,,35,1.297353399,2,0.070464715,1,50,0,0,0,0,0,0,1,50,1,50,1,50,1,50,1,50,15,1067,5.041144636,13,,,14,21,0.778412039,11,6,0.22240344,1,4,15210,563.79272,,5,17,235000,1
37041,NC,Chowan,16,11.34751773,0.22482078,159,10.79649623,1,0.071280919,1,100,1,100,0,0,1,100,1,100,1,100,1,100,1,100,1,100,34,2265,254.9738575,29,1869,126.9097576,4,8,0.543219936,2,,,0,0,0,0,,2,0,0,1
37043,NC,Clay,16,10.38961039,7.394587791,235,22.03056154,1,0.089774668,0,0,0,0,0,0,0,0,1,100,1,100,1,100,1,100,1,100,9,159,0.749976563,9,159,14.90578419,2,,,3,6,0.562482422,0,0,0,0,,1,2,,1
37045,NC,Cleveland,59,5.694980695,0.376560849,481,4.9363711,2,0.020482359,1,50,0,0,0,0,0,0,2,100,2,100,2,100,2,100,2,100,45,165,6.886288998,45,,,24,297,3.048029557,24,75,0.769704433,1,4,,,,11,17,109000,1
37047,NC,Columbus,32,4.377564979,0.06666056,131,2.275411658,2,0.035935674,0,0,1,50,0,0,1,50,1,50,1,50,1,50,1,50,1,50,33,3048,45.2650594,26,2650,46.02931981,29,205,3.560758702,19,78,1.354825262,0,1,,,,7,2,,1
37049,NC,Craven,17,6.640625,0.390948726,217,2.060250458,2,0.01943408,1,50,0,0,0,0,0,0,2,100,2,100,1,50,1,50,2,100,15,52,0.645608438,15,,,0,0,0,5,150,1.424136261,0,4,24404,231.6974755,,2,5,36000,1
37051,NC,Cumberland,37,9.511568123,0.217578013,228,0.70556998,1,0.003009057,0,0,0,0,0,0,0,0,1,100,1,100,0,0,1,100,0,0,23,1820,7.690093859,23,,,24,110,0.340406569,8,14,0.043324472,2,2,,,,1,4,17000,1
37053,NC,Currituck,15,18.29268293,1.066707892,276,11.48468708,0,0,0,0,0,0,0,0,0,0,0,0,0,0,0,0,0,0,0,0,15,117,18.18408788,15,117,4.868508655,9,97,4.036284953,8,10,0.416111851,0,0,0,0,,1,3,,0
37055,NC,Dare,0,0,0,0,0,2,0.054793019,0,0,0,0,0,0,0,0,1,50,1,50,1,50,0,0,1,50,0,0,0,0,0,0,0,0,0,0,0,0,0,0,0,0,,0,0,0,1
37057,NC,Davidson,103,9.698681733,0.525641026,287,1.755179921,3,0.01800569,0,0,0,0,0,0,0,0,0,0,0,0,0,0,0,0,0,0,113,409,3.271851073,113,405,2.47682184,35,248,1.516671151,28,27,0.165121456,0,6,33000,201.8151129,,12,20,775000,1
37059,NC,Davie,47,7.34375,0.417981073,106,2.565033273,3,0.070203356,0,0,0,0,0,0,0,0,2,66.66666412,3,100,3,100,3,100,3,100,24,48,0.992135511,24,,,23,101,2.444041137,15,22,0.532365396,1,1,,,,9,15,109000,1
37061,NC,Duplin,40,4.255319149,0.027655452,353,5.923315714,0,0,0,0,0,0,0,0,0,0,0,0,0,0,0,0,0,0,0,0,37,4824,49.80283581,30,4005,67.20362447,34,214,3.590905277,15,181,3.037167548,2,2,,,,10,11,,1
37063,NC,Durham,41,17.67241379,1.223404255,115,0.406915439,6,0.018943042,2,33.33333206,1,16.66666603,0,0,1,16.66666603,5,83.33333588,6,100,5,83.33333588,3,50,3,50,35,55,0.2901484,35,,,7,22,0.077844693,11,19,0.067229507,0,2,,,2,8,15,230000,1
37065,NC,Edgecombe,17,6.25,0.035250987,55,0.986812595,1,0.01922892,0,0,1,100,0,0,0,0,0,0,1,100,1,100,1,100,1,100,17,2821,84.84794115,14,1196,21.45868844,4,1,0.017942047,4,,,0,0,0,0,,2,8,45000,0
37067,NC,Forsyth,113,17.0694864,3.330433702,536,1.497545534,7,0.018464833,1,14.28571415,1,14.28571415,0,0,0,0,5,71.42857361,5,71.42857361,5,71.42857361,5,71.42857361,5,71.42857361,65,266,0.776712049,61,235,0.656573135,21,77,0.215132474,35,76,0.212338546,0,6,10800,30.17442494,,12,21,1175000,0
37069,NC,Franklin,64,11.80811808,0.640750242,522,8.475952327,1,0.014801658,0,0,0,0,0,0,0,0,1,100,0,0,0,0,0,0,0,0,29,487,8.118728282,23,130,2.110869353,17,44,0.714448089,6,18,0.292274218,0,2,,,,24,12,139000,1
37071,NC,Gaston,63,12.11538462,1.642036125,280,1.345112677,5,0.022437019,0,0,1,20,0,0,0,0,3,60,3,60,3,60,3,60,3,60,33,88,0.667752365,33,,,11,39,0.18735498,6,,,0,2,,,,3,10,38000,1
37073,NC,Gates,8,4.395604396,0.014966251,10,0.839560071,0,0,0,0,0,0,0,0,0,0,0,0,0,0,0,0,0,0,0,0,6,45,,5,,,1,,,3,2,0.167912014,0,0,0,0,,0,4,,0
37075,NC,Graham,10,9.345794393,1.57987127,27,3.101665709,1,0.11786893,0,0,0,0,0,0,0,0,1,100,1,100,1,100,1,100,1,100,8,18,1.148765078,8,18,2.06777714,9,28,3.216542217,7,9,1.03388857,0,0,0,0,,0,10,170000,
37077,NC,Granville,54,9.168081494,0.613093935,140,2.422899865,3,0.04990435,0,0,0,0,0,0,0,0,1,33.33333206,1,33.33333206,1,33.33333206,1,33.33333206,1,33.33333206,35,206,7.649441002,35,,,19,47,0.813402098,26,28,0.484579973,0,1,,,,3,16,32000,1
37079,NC,Greene,14,5.384615385,0.095993459,263,12.29949025,1,0.047591854,1,100,0,0,0,0,0,0,1,100,1,100,1,100,0,0,1,100,19,,104.6158163,18,,,1,,,1,,,1,0,0,0,,0,7,27000,0
37081,NC,Guilford,93,9.667359667,0.895173622,521,1.039859968,4,0.007495269,3,75,2,50,1,25,2,50,3,75,3,75,3,75,3,75,3,75,52,278,0.758439132,51,,,43,78,0.155679611,43,79,0.157675504,3,7,10960,21.87498129,,12,38,685000,1
37083,NC,Halifax,24,7.038123167,0.101334497,130,2.410666271,1,0.019773006,0,0,0,0,0,0,0,0,0,0,0,0,0,0,0,0,0,0,18,1361,19.71183266,15,614,11.38576223,6,21,0.389415321,4,9,0.16689228,0,0,0,0,,0,18,86000,1
37085,NC,Harnett,66,8.281053952,0.233353831,444,3.632288096,3,0.022352362,0,0,0,0,0,0,0,0,0,0,1,33.33333206,0,0,1,33.33333206,1,33.33333206,55,1865,13.08114564,53,1535,12.55757258,14,30,0.245424871,24,79,0.646285495,1,4,24500,200.4303116,,5,24,659000,
37087,NC,Haywood,67,11.22278057,3.780530973,534,9.084568143,4,0.064546317,1,25,0,0,1,25,1,25,2,50,2,50,2,50,2,50,2,50,47,449,7.349313554,47,446,7.587485752,6,56,0.952688794,15,12,0.204147599,0,3,10200,173.5254589,,3,7,100000,1
37089,NC,Henderson,104,22.22222222,3.274526609,2025,18.73594804,4,0.03426183,1,25,0,0,0,0,0,0,2,50,2,50,3,75,2,50,2,50,74,1583,16.81146547,71,1563,14.46137619,106,4004,37.04628936,43,108,0.999250562,0,12,49244,455.621247,,9,18,507000,1
37091,NC,Hertford,10,6.172839506,0.030743585,45,1.844640295,0,0,0,0,0,0,0,0,0,0,0,0,0,0,0,0,0,0,0,0,18,811,34.84320557,18,758,31.07194097,4,9,0.368928059,5,10,0.409920066,0,0,0,0,,0,5,20000,1
37093,NC,Hoke,7,3.465346535,0.007229612,7,0.138718243,1,0.018260172,0,0,0,0,0,0,0,0,1,100,0,0,0,0,0,0,0,0,1,,1.426816218,1,,,5,11,0.217985811,2,,,0,0,0,0,,0,6,,1
37095,NC,Hyde,5,3.164556962,0.040476422,54,9.419152276,0,0,0,0,0,0,0,0,0,0,0,0,0,0,0,0,0,0,0,0,11,4001,1129.251701,9,3441,600.2093145,7,7,1.221001221,4,7,1.221001221,0,0,0,0,,0,8,,1
37097,NC,Iredell,62,5.153782211,0.468878068,778,4.779633111,8,0.044834252,0,0,0,0,0,0,2,25,6,75,3,37.5,3,37.5,3,37.5,3,37.5,36,144,1.738606903,34,134,0.823227297,21,90,0.552913856,25,43,0.264169953,2,5,6160,37.8438817,,5,39,392000,1
37099,NC,Jackson,27,11.02040816,0.91374269,75,1.848884506,4,0.092321187,2,50,0,0,0,0,0,0,3,75,3,75,3,75,3,75,3,75,18,149,5.349439172,14,,,4,6,0.147910761,10,95,2.341920375,0,3,,,,7,12,452000,1
37101,NC,Johnston,99,8.425531915,0.31224192,828,4.736516944,3,0.014802023,0,0,0,0,0,0,0,0,2,66.66666412,2,66.66666412,2,66.66666412,2,66.66666412,2,66.66666412,122,13134,58.29691326,110,9930,56.80388074,32,202,1.155527081,16,27,0.154451639,4,6,105955,606.1082763,,11,10,191000,1
37103,NC,Jones,17,10,0.05388773,100,9.730466089,0,0,0,0,0,0,0,0,0,0,0,0,0,0,0,0,0,0,0,0,8,60,,6,,,9,42,4.086795758,1,,,0,1,,,,2,6,16000,1
37105,NC,Lee,21,8.536585366,0.28203062,98,1.650804346,0,0,0,0,0,0,0,0,0,0,0,0,0,0,0,0,0,0,0,0,18,81,2.459361577,18,81,1.364440327,19,33,0.555883096,16,37,0.623262865,0,2,,,,4,5,6000,0
37107,NC,Lenoir,18,4.488778055,,,,1,0.017864799,1,100,0,0,0,0,0,0,0,0,1,100,1,100,1,100,1,100,12,1269,18.15968347,9,1176,19.88434615,21,300,5.072537283,3,,,0,0,0,0,,2,3,1000,1
37109,NC,Lincoln,69,10.59907834,0.403811413,228,2.887428289,3,0.035812344,2,66.66666412,0,0,0,0,0,0,3,100,3,100,3,100,2,66.66666412,3,100,41,170,6.028139762,41,163,2.064257944,15,52,0.658536276,13,27,0.341932297,1,2,,,,10,15,110000,0
37111,NC,McDowell,30,8.982035928,0.182677416,46,1.022926905,1,0.021974642,1,100,0,0,0,0,0,0,1,100,1,100,1,100,1,100,1,100,26,39,2.001378728,26,38,0.845026574,16,70,1.556627899,6,9,0.200137873,1,4,,,,3,3,,0
37113,NC,Macon,37,11.34969325,4.185881518,236,6.974819719,1,0.028340654,0,0,0,0,0,0,0,0,1,100,1,100,1,100,1,100,1,100,21,113,4.728691335,21,101,2.984986405,11,43,1.270835796,12,27,0.797966663,0,0,0,0,,5,15,212000,1
37115,NC,Madison,111,15.43810848,9.200283086,520,24.90660025,3,0.137848645,0,0,0,0,0,0,0,0,1,33.33333206,1,33.33333206,1,33.33333206,1,33.33333206,1,33.33333206,105,183,9.627358942,99,172,8.238337005,33,36,1.724303094,53,37,1.772200402,0,13,43419,2079.653223,,15,16,130000,
37117,NC,Martin,10,2.801120448,0.019931833,20,0.837100285,2,0.088218428,0,0,0,0,0,0,0,0,1,50,1,50,1,50,1,50,1,50,10,,,10,,,2,,,0,0,0,0,0,0,0,,5,1,,1
37119,NC,Mecklenburg,38,16.03375527,,95,0.098097122,16,0.014626552,2,12.5,0,0,0,0,0,0,12,75,9,56.25,8,50,8,50,8,50,25,108,0.182770428,23,81,0.083640704,4,2,0.002065203,12,14,0.014456418,0,0,0,0,,1,8,,1
37121,NC,Mitchell,38,13.28671329,5.383688228,134,8.715447154,2,0.13333334,0,0,0,0,0,0,0,0,1,50,1,50,1,50,1,50,1,50,30,52,3.577235772,26,45,2.926829268,12,58,3.772357724,10,27,1.756097561,0,0,0,0,,0,7,16000,1
37123,NC,Montgomery,35,14,0.54302047,664,24.01186128,2,0.07333798,0,0,0,0,0,0,0,0,1,50,1,50,1,50,1,50,1,50,24,305,7.70260008,21,290,10.48710809,18,136,4.91809207,4,20,0.723248834,1,2,,,,8,13,14000,1
37125,NC,Moore,79,11.00278552,0.41804939,679,7.51546814,3,0.03040068,0,0,0,0,0,0,0,0,2,66.66666412,2,66.66666412,2,66.66666412,2,66.66666412,2,66.66666412,32,164,2.412919079,32,,,26,269,2.977409322,17,37,0.409532137,1,5,30483,337.3991389,,11,17,31000,1
37127,NC,Nash,37,8.604651163,0.770269757,1420,14.90735394,1,0.010636487,0,0,1,100,0,0,1,100,1,100,1,100,1,100,1,100,1,100,52,11767,111.4797124,41,7422,77.9171697,5,29,0.304445961,7,15,0.157472049,1,3,38090,399.8740224,,0,5,,1
37129,NC,New Hanover,9,18,0.317578928,17,0.081254571,4,0.017221041,0,0,0,0,0,0,0,0,4,100,4,100,4,100,4,100,4,100,9,46,0.114712335,9,46,0.219865309,2,,,1,,,0,0,0,0,1,4,1,,1
37131,NC,Northampton,8,2.507836991,0.012785223,17,0.79800967,0,0,0,0,0,0,0,0,0,0,0,0,0,0,0,0,0,0,0,0,5,75,3.755339624,5,75,3.520630897,0,0,0,2,,,0,0,0,0,,0,7,,1
37133,NC,Onslow,30,8.645533141,0.06766044,127,0.691085003,3,0.015175812,1,33.33333206,2,66.66666412,1,33.33333206,3,100,3,100,3,100,2,66.66666412,3,100,3,100,14,239,0.81624213,14,,,9,33,0.179573269,9,24,0.130598741,0,0,0,0,,0,14,125000,1
37135,NC,Orange,120,18.60465116,4.645085421,1422,10.32964798,6,0.041088291,2,33.33333206,4,66.66666412,1,16.66666603,3,50,4,66.66666412,5,83.33333588,5,83.33333588,5,83.33333588,5,83.33333588,77,156,0.573869332,77,153,1.11141782,41,106,0.770001889,44,46,0.334151763,0,12,57436,417.224797,,36,23,123000,1
37137,NC,Pamlico,12,15,0.025106003,9,0.690554746,1,0.078926601,0,0,0,0,0,0,0,0,0,0,1,100,1,100,1,100,1,100,4,,,3,3,0.230184915,8,57,4.373513389,7,8,0.613826441,0,0,0,0,,0,1,,1
37139,NC,Pasquotank,8,5.882352941,0.044911264,31,0.765110941,1,0.025227679,0,0,0,0,0,0,0,0,0,0,0,0,0,0,0,0,0,0,25,5248,147.7157736,22,2239,55.26075474,0,0,0,0,0,0,0,0,0,0,,0,2,,0
37141,NC,Pender,29,8.656716418,0.065685986,114,2.116127116,1,0.016086999,0,0,0,0,0,0,0,0,1,100,1,100,1,100,1,100,1,100,25,291,10.13513514,25,291,5.401692902,10,,,14,743,13.79195129,1,4,7844,145.6043956,1,4,3,,1
37143,NC,Perquimans,9,4.864864865,0.105257831,104,7.68321513,0,0,0,0,0,0,0,0,0,0,0,0,0,0,0,0,0,0,0,0,5,,41.8144208,5,,,2,,,2,,,0,0,0,0,,3,3,2000,1
37145,NC,Person,43,10.88607595,0.931071463,382,9.751614633,1,0.025311969,0,0,0,0,0,0,0,0,1,100,1,100,1,100,1,100,1,100,32,55,2.067750747,32,,,16,58,1.480611646,18,15,0.382916805,0,11,28100,717.3308146,,10,13,276000,1
37147,NC,Pitt,24,6.138107417,0.031494896,68,0.393236335,6,0.033349268,1,16.66666603,1,16.66666603,1,16.66666603,1,16.66666603,2,33.33333206,4,66.66666412,2,33.33333206,3,50,2,33.33333206,19,1318,4.371862784,16,145,0.838518656,8,77,0.445282321,7,13,0.075177535,0,0,0,0,1,1,12,,1
37149,NC,Polk,31,10.68965517,,49,2.419872586,2,0.097035564,2,100,0,0,0,0,0,0,2,100,2,100,2,100,2,100,2,100,16,35,1.234628871,16,,,24,181,8.938713023,14,12,0.592621858,0,3,7080,349.6468961,,9,0,0,1
37151,NC,Randolph,74,4.979811575,0.161595993,382,2.685073242,3,0.020927653,0,0,0,0,0,0,0,0,1,33.33333206,1,33.33333206,1,33.33333206,1,33.33333206,0,0,42,335,1.447971434,42,332,2.333623865,26,454,3.191160345,20,21,0.147608738,2,5,53010,372.6066297,,0,26,126000,
37153,NC,Richmond,21,7.581227437,0.04842615,80,1.725997843,1,0.022278165,1,100,0,0,0,0,0,0,1,100,1,100,1,100,1,100,1,100,19,405,13.48435814,19,,,10,78,1.682847896,11,22,0.474649407,0,0,0,0,,2,7,,1
37155,NC,Robeson,58,6.163655685,0.104241176,427,3.154504218,1,0.007585469,0,0,0,0,1,100,1,100,0,0,1,100,1,100,0,0,1,100,44,1455,10.9410322,42,502,3.708574046,32,133,0.982550494,22,16,0.118201563,2,4,20202,149.2442488,,15,12,42000,0
37157,NC,Rockingham,110,12.19512195,1.082185099,355,3.828814254,4,0.044106297,3,75,1,25,1,25,0,0,3,75,3,75,3,75,3,75,3,75,73,153,2.060009923,71,134,1.445242563,36,133,1.434457171,50,85,0.916758343,1,6,16020,172.7819841,,14,19,138000,
37159,NC,Rowan,101,9.990108803,0.701349115,589,4.273039226,4,0.028316179,1,25,1,25,0,0,0,0,4,100,4,100,4,100,2,50,3,75,46,660,7.682764925,46,,,40,107,0.776256702,31,73,0.529595694,1,1,,,1,14,15,,
37161,NC,Rutherford,73,11.44200627,0.539260818,123,1.830275434,3,0.044892706,0,0,1,33.33333206,0,0,1,33.33333206,2,66.66666412,1,33.33333206,1,33.33333206,1,33.33333206,1,33.33333206,47,161,2.767733583,45,145,2.157641772,9,115,1.711233129,25,12,0.178563457,2,2,,,,6,15,71000,0
37163,NC,Sampson,44,4.12371134,0.031935354,402,6.290981362,1,0.015716845,0,0,0,0,0,0,0,0,1,100,0,0,0,0,0,0,0,0,116,16115,234.2373359,110,14409,225.489429,22,248,3.881003427,32,1107,17.32367256,2,5,,,,5,9,130000,1
37165,NC,Scotland,6,4,0.019470642,16,0.442734995,1,0.028727377,0,0,0,0,0,0,0,0,0,0,0,0,0,0,0,0,0,0,10,26,2.075320291,10,26,0.719444368,6,123,3.403525277,3,,,0,2,,,,2,7,,0
37167,NC,Stanly,56,8.43373494,0.321193597,310,5.124305739,2,0.03221909,1,50,1,50,0,0,0,0,2,100,2,100,1,50,1,50,1,50,13,74,0.247950278,13,,,20,77,1.272811426,10,23,0.380190426,4,3,3000,49.59005554,,13,10,108000,0
37169,NC,Stokes,87,9.39524838,0.76025066,239,5.111096854,2,0.043987948,1,50,1,50,0,0,1,50,1,50,1,50,1,50,1,50,1,50,55,272,4.533692607,52,263,5.624345074,34,86,1.839139454,31,31,0.662945617,1,6,5430,116.1224097,,6,11,10000,1
37171,NC,Surry,98,7.802547771,0.283008435,563,7.657363582,4,0.055595707,0,0,0,0,3,75,3,75,4,100,3,75,3,75,3,75,3,75,52,331,3.726674283,51,309,4.202709319,59,646,8.786246668,34,50,0.680050052,0,1,,,1,8,25,243000,1
37173,NC,Swain,10,10.63829787,1.329394387,9,0.638841567,3,0.210600212,0,0,0,0,0,0,0,0,1,33.33333206,1,33.33333206,1,33.33333206,1,33.33333206,1,33.33333206,23,28,3.549119818,21,26,1.845542306,1,,,1,,,0,0,0,0,,0,3,45000,1
37175,NC,Transylvania,42,19.00452489,3.433033741,699,21.30123419,1,0.029226948,0,0,0,0,0,0,0,0,0,0,1,100,1,100,1,100,1,100,28,273,7.923205851,26,264,8.045101326,10,13,0.396160293,20,12,0.365686424,0,0,0,0,,5,5,44000,1
37177,NC,Tyrrell,6,7.692307692,0.052056221,31,7.493352671,0,0,0,0,0,0,0,0,0,0,0,0,0,0,0,0,0,0,0,0,9,3652,598.9847716,6,217,52.4534687,2,,,0,0,0,0,0,0,0,,0,0,0,0
37179,NC,Union,49,4.62700661,0.047589721,255,1.223919711,2,0.008477882,1,50,1,50,0,0,1,50,2,100,2,100,2,100,2,100,2,100,23,,,23,,,5,15,0.071995277,5,7,0.033597796,4,3,1896,9.100203027,,5,15,575000,1
37181,NC,Vance,14,5.785123967,0.167688216,29,0.643686325,1,0.022430578,0,0,0,0,0,0,0,0,1,100,1,100,1,100,1,100,1,100,15,104,2.153019777,15,104,2.308392338,5,12,0.266352962,6,5,0.110980401,1,0,0,0,,1,13,116000,1
37183,NC,Wake,143,18.26309068,1.002406388,654,0.686559393,14,0.012816933,4,28.5714283,4,28.5714283,1,7.142857075,6,42.8571434,12,85.7142868,12,85.7142868,10,71.42857361,12,85.7142868,12,85.7142868,95,1249,1.39936341,90,1127,1.1831077,30,61,0.064036885,33,71,0.074534735,0,3,7640,8.020357431,2,13,24,463000,1
37185,NC,Warren,14,5.46875,0.464118565,119,5.780346821,1,0.050487202,0,0,0,0,0,0,0,0,1,100,1,100,1,100,1,100,1,100,10,97,6.023218536,10,,,2,,,5,12,0.582892116,0,2,,,1,0,21,207000,
37187,NC,Washington,5,3.205128205,0.238426095,163,12.8174884,1,0.084324144,0,0,0,0,0,0,0,0,0,0,0,0,0,0,0,0,0,0,10,2816,272.8630966,9,,,6,25,1.965872454,1,,,0,0,0,0,,1,3,,1
37189,NC,Watauga,61,10.01642036,1.236021189,189,3.631123919,4,0.071498796,1,25,1,25,0,0,1,25,1,25,1,25,1,25,1,25,1,25,57,133,1.498559078,57,130,2.497598463,28,65,1.248799232,18,12,0.23054755,0,6,8634,165.8789625,,21,25,306000,1
37191,NC,Wayne,27,4.795737123,0.083503111,482,3.870988467,1,0.008113722,0,0,0,0,0,0,0,0,0,0,1,100,0,0,1,100,1,100,35,3804,26.00469016,29,2451,19.68421729,15,51,0.409585917,7,,,6,4,32096,257.7660702,,1,3,,1
37193,NC,Wilkes,55,5.658436214,0.24111016,687,9.924160347,1,0.014586402,1,100,1,100,0,0,0,0,1,100,1,100,1,100,1,100,1,100,29,62,0.303358613,29,62,0.895630191,36,338,4.882629108,23,22,0.317804261,1,5,88260,1274.972914,,16,9,395000,1
37195,NC,Wilson,18,6.060606061,0.065133161,117,1.431035115,3,0.036830153,2,66.66666412,0,0,0,0,0,0,3,100,2,66.66666412,2,66.66666412,2,66.66666412,2,66.66666412,39,8443,58.26881444,31,4849,59.30845534,6,30,0.366932081,5,,,1,0,0,0,,1,1,,0
37197,NC,Yadkin,75,7.878151261,0.126734579,158,4.1453496,3,0.079908371,0,0,0,0,0,0,1,33.33333206,1,33.33333206,1,33.33333206,1,33.33333206,1,33.33333206,1,33.33333206,27,43,2.728584547,27,38,0.996982815,41,239,6.27049718,23,30,0.787091696,1,7,26080,684.2450479,,7,10,,1
37199,NC,Yancey,53,11.77777778,2.908900888,167,9.480556344,1,0.055856559,1,100,0,0,0,0,0,0,1,100,1,100,1,100,1,100,1,100,54,131,7.266534204,50,111,6.30144763,8,24,1.362475163,18,12,0.681237582,0,11,24624,1397.899517,1,9,27,1421000,1
,,,,,,,,,,,,,,,,,,,,,,,,,,,,,,,,,,,,,,,,,,,,,,,,0.618398637
